"Gencode Id","Gene Symbol","Variant Id","SNP Id","P-Value","NES","Tissue"
"ENSG00000100453.14","GZMB","chr14_24673532_C_CA_b38","rs71119090","5.1e-8","0.27","Artery - Aorta"
"ENSG00000100453.14","GZMB","chr14_24675015_T_C_b38","rs8018637","5.1e-8","0.27","Artery - Aorta"
"ENSG00000100453.14","GZMB","chr14_24675799_C_G_b38","rs7157165","5.1e-8","0.27","Artery - Aorta"
"ENSG00000100453.14","GZMB","chr14_24666745_T_A_b38","rs2877650","6.8e-8","0.27","Artery - Aorta"
"ENSG00000100453.14","GZMB","chr14_24682864_G_A_b38","rs7144673","8.4e-8","0.27","Artery - Aorta"
"ENSG00000100453.14","GZMB","chr14_24683908_A_C_b38","rs7152867","9.6e-8","0.27","Artery - Aorta"
"ENSG00000100453.14","GZMB","chr14_24675950_A_G_b38","rs7158045","1.3e-7","0.27","Artery - Aorta"
"ENSG00000100453.14","GZMB","chr14_24672735_T_C_b38","rs8006693","1.7e-7","0.26","Artery - Aorta"
"ENSG00000100453.14","GZMB","chr14_24675895_T_C_b38","rs7141025","1.7e-7","0.26","Artery - Aorta"
"ENSG00000100453.14","GZMB","chr14_24677224_T_A_b38","rs8010296","1.7e-7","0.26","Artery - Aorta"
"ENSG00000100453.14","GZMB","chr14_23845360_G_A_b38","rs28802432","4.4e-7","1.9","Brain - Frontal Cortex (BA9)"
"ENSG00000100453.14","GZMB","chr14_24658052_G_A_b38","rs7154178","5.1e-7","0.25","Artery - Aorta"
"ENSG00000100453.14","GZMB","chr14_24658908_A_G_b38","rs11620702","5.6e-7","0.25","Artery - Aorta"
"ENSG00000100453.14","GZMB","chr14_24661272_T_A_b38","rs12884530","5.6e-7","0.25","Artery - Aorta"
"ENSG00000100453.14","GZMB","chr14_24595889_G_A_b38","rs8014501","0.0000012","0.23","Artery - Aorta"
"ENSG00000100453.14","GZMB","chr14_24636393_C_T_b38","rs68046014","0.0000015","0.24","Artery - Aorta"
"ENSG00000100453.14","GZMB","chr14_24582651_T_A_b38","rs56344949","0.0000015","0.23","Artery - Aorta"
"ENSG00000100453.14","GZMB","chr14_24586996_C_T_b38","rs7152607","0.0000015","0.23","Artery - Aorta"
"ENSG00000100453.14","GZMB","chr14_24654708_G_A_b38","rs6573921","0.0000016","0.22","Artery - Aorta"
"ENSG00000100453.14","GZMB","chr14_24614177_G_A_b38","rs11158812","0.0000020","-0.22","Artery - Aorta"
"ENSG00000100453.14","GZMB","chr14_24661486_G_A_b38","rs12878850","0.0000022","0.24","Artery - Aorta"
"ENSG00000100453.14","GZMB","chr14_24650738_C_T_b38","rs10873224","0.0000026","0.22","Artery - Aorta"
"ENSG00000100453.14","GZMB","chr14_24666047_T_G_b38","rs8017700","0.0000032","0.23","Artery - Aorta"
"ENSG00000100453.14","GZMB","chr14_24669206_G_A_b38","rs11621865","0.0000033","0.23","Artery - Aorta"
"ENSG00000100453.14","GZMB","chr14_24622427_A_T_b38","rs8004747","0.0000033","-0.17","Stomach"
"ENSG00000100453.14","GZMB","chr14_23858267_A_G_b38","rs28497165","0.0000036","1.9","Brain - Frontal Cortex (BA9)"
"ENSG00000100453.14","GZMB","chr14_24662093_A_G_b38","rs1951589","0.0000042","-0.34","Minor Salivary Gland"
"ENSG00000100453.14","GZMB","chr14_24620226_G_A_b38","rs12590828","0.0000048","0.22","Artery - Aorta"
"ENSG00000100453.14","GZMB","chr14_24515994_T_A_b38","rs8007723","0.0000060","0.17","Stomach"
"ENSG00000100453.14","GZMB","chr14_24679946_A_G_b38","rs79845467","0.0000063","-0.89","Stomach"
"ENSG00000100453.14","GZMB","chr14_24616684_T_G_b38","rs1951595","0.0000063","-0.17","Stomach"
"ENSG00000100453.14","GZMB","chr14_24601297_A_G_b38","rs1957525","0.0000064","-0.21","Artery - Aorta"
"ENSG00000100453.14","GZMB","chr14_24600410_T_C_b38","rs4982970","0.0000072","-0.21","Artery - Aorta"
"ENSG00000100453.14","GZMB","chr14_24600937_A_G_b38","rs1951593","0.0000072","-0.21","Artery - Aorta"
"ENSG00000100453.14","GZMB","chr14_24517910_C_T_b38","rs34657109","0.0000073","0.22","Artery - Aorta"
"ENSG00000100453.14","GZMB","chr14_24587191_T_G_b38","rs6573883","0.0000086","-0.21","Artery - Aorta"
"ENSG00000100453.14","GZMB","chr14_24517986_G_A_b38","rs7150627","0.0000086","0.17","Stomach"
"ENSG00000100453.14","GZMB","chr14_24518473_G_T_b38","rs4981536","0.0000086","0.17","Stomach"
"ENSG00000100453.14","GZMB","chr14_24518659_C_T_b38","rs4982958","0.0000086","0.17","Stomach"
"ENSG00000100453.14","GZMB","chr14_24519318_T_A_b38","rs4981540","0.0000086","0.17","Stomach"
"ENSG00000100453.14","GZMB","chr14_24519701_C_G_b38","rs9646161","0.0000086","0.17","Stomach"
"ENSG00000100453.14","GZMB","chr14_24526255_G_A_b38","rs8008632","0.0000086","0.17","Stomach"
"ENSG00000100453.14","GZMB","chr14_24526721_G_A_b38","rs4982962","0.0000086","0.17","Stomach"
"ENSG00000100453.14","GZMB","chr14_24526852_C_T_b38","rs4981542","0.0000086","0.17","Stomach"
"ENSG00000100453.14","GZMB","chr14_24583126_G_C_b38","rs4981544","0.0000087","-0.21","Artery - Aorta"
"ENSG00000100453.14","GZMB","chr14_24585873_A_G_b38","rs2208779","0.0000087","-0.21","Artery - Aorta"
"ENSG00000100453.14","GZMB","chr14_24591605_A_G_b38","rs2093498","0.0000087","-0.21","Artery - Aorta"
"ENSG00000100453.14","GZMB","chr14_24534731_G_A_b38","rs3905107","0.0000091","0.21","Artery - Aorta"
"ENSG00000100453.14","GZMB","chr14_24651176_G_A_b38","rs7154975","0.0000092","0.20","Artery - Aorta"
"ENSG00000100453.14","GZMB","chr14_24657136_T_C_b38","rs7154849","0.0000092","0.20","Artery - Aorta"
"ENSG00000100453.14","GZMB","chr14_24532426_C_G_b38","rs721134","0.000011","0.21","Artery - Aorta"
"ENSG00000100453.14","GZMB","chr14_24594946_G_C_b38","rs2332405","0.000011","-0.21","Artery - Aorta"
"ENSG00000100453.14","GZMB","chr14_24531067_T_C_b38","rs12887710","0.000011","0.21","Artery - Aorta"
"ENSG00000100453.14","GZMB","chr14_24606054_T_C_b38","rs7144488","0.000012","-0.16","Stomach"
"ENSG00000100453.14","GZMB","chr14_24534728_C_T_b38","rs3861507","0.000013","0.20","Artery - Aorta"
"ENSG00000100453.14","GZMB","chr14_24523413_G_T_b38","rs12589666","0.000013","-0.17","Stomach"
"ENSG00000100453.14","GZMB","chr14_24529370_A_G_b38","rs141941568","0.000013","-0.17","Stomach"
"ENSG00000100453.14","GZMB","chr14_24518918_A_G_b38","rs12588201","0.000013","-0.17","Stomach"
"ENSG00000100453.14","GZMB","chr14_24526371_C_T_b38","rs34079088","0.000013","-0.17","Stomach"
"ENSG00000100453.14","GZMB","chr14_24526687_C_T_b38","rs60196546","0.000013","-0.17","Stomach"
"ENSG00000100453.14","GZMB","chr14_24529338_A_G_b38","rs143806782","0.000013","-0.17","Stomach"
"ENSG00000100453.14","GZMB","chr14_24596582_T_A_b38","rs7160134","0.000013","-0.21","Artery - Aorta"
"ENSG00000100453.14","GZMB","chr14_24565595_G_A_b38","rs57271726","0.000013","-0.41","Stomach"
"ENSG00000100453.14","GZMB","chr14_24525003_C_A_b38","rs12878586","0.000014","0.20","Artery - Aorta"
"ENSG00000100453.14","GZMB","chr14_24697928_T_C_b38","rs7145866","0.000014","-0.21","Artery - Aorta"
"ENSG00000100453.14","GZMB","chr14_24523589_A_C_b38","rs7151899","0.000014","0.20","Artery - Aorta"
"ENSG00000100453.14","GZMB","chr14_24519031_T_G_b38","rs4981537","0.000014","0.21","Artery - Aorta"
"ENSG00000100453.14","GZMB","chr14_24515448_G_A_b38","rs927278","0.000015","-0.17","Stomach"
"ENSG00000100453.14","GZMB","chr14_24610137_C_T_b38","rs2332406","0.000017","-0.34","Minor Salivary Gland"
"ENSG00000100453.14","GZMB","chr14_24517982_C_T_b38","rs7151943","0.000017","0.20","Artery - Aorta"
"ENSG00000100453.14","GZMB","chr14_24518673_CT_C_b38","rs10712328","0.000017","0.20","Artery - Aorta"
"ENSG00000100453.14","GZMB","chr14_24526367_G_T_b38","rs11520369","0.000017","0.21","Artery - Aorta"
"ENSG00000100453.14","GZMB","chr14_24604554_T_A_b38","rs1033810","0.000017","-0.16","Stomach"
"ENSG00000100453.14","GZMB","chr14_24604554_T_A_b38","rs1033810","0.000018","-0.20","Artery - Aorta"
"ENSG00000100453.14","GZMB","chr14_24529379_G_A_b38","rs146126624","0.000018","0.20","Artery - Aorta"
"ENSG00000100453.14","GZMB","chr14_24622427_A_T_b38","rs8004747","0.000019","-0.34","Minor Salivary Gland"
"ENSG00000100453.14","GZMB","chr14_24444985_C_A_b38","rs74797678","0.000020","0.39","Esophagus - Mucosa"
"ENSG00000100453.14","GZMB","chr14_24449499_A_G_b38","rs139322224","0.000020","0.39","Esophagus - Mucosa"
"ENSG00000100453.14","GZMB","chr14_24610137_C_T_b38","rs2332406","0.000020","-0.16","Stomach"
"ENSG00000100453.14","GZMB","chr14_24580054_T_C_b38","rs78182246","0.000021","-0.39","Esophagus - Mucosa"
"ENSG00000100453.14","GZMB","chr14_24527074_T_C_b38","rs151018490","0.000021","-0.41","Stomach"
"ENSG00000100453.14","GZMB","chr14_24532609_A_G_b38","rs75048684","0.000021","-0.41","Stomach"
"ENSG00000100453.14","GZMB","chr14_24606054_T_C_b38","rs7144488","0.000022","-0.20","Artery - Aorta"
"ENSG00000100453.14","GZMB","chr14_24527871_A_T_b38","rs9989246","0.000022","0.17","Stomach"
"ENSG00000100453.14","GZMB","chr14_24519353_C_CTT_b38","rs34432073","0.000022","0.16","Stomach"
"ENSG00000100453.14","GZMB","chr14_24521778_G_A_b38","rs8005125","0.000022","0.16","Stomach"
"ENSG00000100453.14","GZMB","chr14_24525592_C_A_b38","rs10130100","0.000022","0.16","Stomach"
"ENSG00000100453.14","GZMB","chr14_24525969_A_G_b38","rs11849539","0.000022","0.16","Stomach"
"ENSG00000100453.14","GZMB","chr14_24526974_A_G_b38","rs4982963","0.000022","0.16","Stomach"
"ENSG00000100453.14","GZMB","chr14_24527396_T_C_b38","rs4537944","0.000022","0.16","Stomach"
"ENSG00000100453.14","GZMB","chr14_24527993_G_A_b38","rs9989184","0.000022","0.16","Stomach"
"ENSG00000100453.14","GZMB","chr14_24529215_C_T_b38","rs78201260","0.000022","0.16","Stomach"
"ENSG00000100453.14","GZMB","chr14_24529219_C_T_b38","rs79138030","0.000022","0.16","Stomach"
"ENSG00000100453.14","GZMB","chr14_24529642_C_T_b38","rs79515992","0.000022","0.16","Stomach"
"ENSG00000100453.14","GZMB","chr14_24529990_C_G_b38","rs201018687","0.000022","0.16","Stomach"
"ENSG00000100453.14","GZMB","chr14_24646007_T_A_b38","rs1957529","0.000023","-0.20","Artery - Aorta"
"ENSG00000100453.14","GZMB","chr14_24647684_G_C_b38","rs8009088","0.000023","-0.20","Artery - Aorta"
"ENSG00000100453.14","GZMB","chr14_24680633_G_T_b38","rs8021801","0.000023","0.20","Artery - Aorta"
"ENSG00000100453.14","GZMB","chr14_24675785_AC_A_b38","rs11313776","0.000023","-0.17","Skin - Sun Exposed (Lower leg)"
"ENSG00000100453.14","GZMB","chr14_24531753_T_C_b38","rs7155992","0.000023","-0.17","Stomach"
"ENSG00000100453.14","GZMB","chr14_24532178_A_G_b38","rs4420452","0.000023","-0.17","Stomach"
"ENSG00000100453.14","GZMB","chr14_24535931_A_T_b38","rs1956914","0.000023","-0.17","Stomach"
"ENSG00000100453.14","GZMB","chr14_24521117_G_A_b38","rs12433996","0.000023","-0.17","Stomach"
"ENSG00000100453.14","GZMB","chr14_24583985_C_T_b38","rs148047381","0.000025","0.37","Esophagus - Mucosa"
"ENSG00000100453.14","GZMB","chr14_24640861_C_T_b38","rs4982973","0.000028","0.20","Artery - Aorta"
"ENSG00000100453.14","GZMB","chr14_24644778_C_T_b38","rs8013593","0.000028","0.20","Artery - Aorta"
"ENSG00000100453.14","GZMB","chr14_24645619_G_A_b38","rs4982974","0.000028","0.20","Artery - Aorta"
"ENSG00000100453.14","GZMB","chr14_24531621_C_T_b38","rs9652294","0.000030","0.16","Stomach"
"ENSG00000100453.14","GZMB","chr14_24596582_T_A_b38","rs7160134","0.000030","-0.14","Esophagus - Mucosa"
"ENSG00000100453.14","GZMB","chr14_24600410_T_C_b38","rs4982970","0.000030","-0.14","Esophagus - Mucosa"
"ENSG00000100453.14","GZMB","chr14_24682811_T_A_b38","rs6573955","0.000032","-0.17","Skin - Sun Exposed (Lower leg)"
"ENSG00000100453.14","GZMB","chr14_24688228_T_A_b38","rs4982986","0.000032","0.32","Spleen"
"ENSG00000100453.14","GZMB","chr14_24565866_A_G_b38","rs1956908","0.000034","-0.19","Artery - Aorta"
"ENSG00000100453.14","GZMB","chr14_24532609_A_G_b38","rs75048684","0.000034","-0.35","Esophagus - Mucosa"
"ENSG00000100453.14","GZMB","chr14_24634456_T_C_b38","rs7144366","0.000034","0.16","Skin - Sun Exposed (Lower leg)"
"ENSG00000100453.14","GZMB","chr14_24527074_T_C_b38","rs151018490","0.000034","-0.36","Esophagus - Mucosa"
"ENSG00000100453.14","GZMB","chr14_24713670_A_T_b38","rs1951592","0.000036","-0.73","Stomach"
"ENSG00000100453.14","GZMB","chr14_24635154_A_G_b38","rs8192916","0.000036","0.19","Artery - Aorta"
"ENSG00000100453.14","GZMB","chr14_24511087_T_C_b38","rs1956919","0.000037","0.19","Artery - Aorta"
"ENSG00000100453.14","GZMB","chr14_24646573_T_C_b38","rs1951600","0.000037","-0.31","Minor Salivary Gland"
"ENSG00000100453.14","GZMB","chr14_24648902_A_T_b38","rs1813931","0.000037","-0.31","Minor Salivary Gland"
"ENSG00000100453.14","GZMB","chr14_24583126_G_C_b38","rs4981544","0.000037","-0.13","Esophagus - Mucosa"
"ENSG00000100453.14","GZMB","chr14_24585873_A_G_b38","rs2208779","0.000037","-0.13","Esophagus - Mucosa"
"ENSG00000100453.14","GZMB","chr14_24587191_T_G_b38","rs6573883","0.000037","-0.13","Esophagus - Mucosa"
"ENSG00000100453.14","GZMB","chr14_24591605_A_G_b38","rs2093498","0.000037","-0.13","Esophagus - Mucosa"
"ENSG00000100453.14","GZMB","chr14_24536553_C_T_b38","rs987628","0.000037","-0.19","Artery - Aorta"
"ENSG00000100453.14","GZMB","chr14_24600937_A_G_b38","rs1951593","0.000037","-0.13","Esophagus - Mucosa"
"ENSG00000100453.14","GZMB","chr14_24560309_G_C_b38","rs9323523","0.000039","-0.19","Artery - Aorta"
"ENSG00000100453.14","GZMB","chr14_24640424_T_C_b38","rs8021058","0.000039","0.20","Artery - Aorta"
"ENSG00000100453.14","GZMB","chr14_23871357_TATACTAAAATATAAAAAGAACTCTTAAAACTCAACAATAAGAAAATAAATAA_T_b38","rs377487145","0.000039","-1.2","Brain - Frontal Cortex (BA9)"
"ENSG00000100453.14","GZMB","chr14_24601297_A_G_b38","rs1957525","0.000039","-0.13","Esophagus - Mucosa"
"ENSG00000100453.14","GZMB","chr14_24634456_T_C_b38","rs7144366","0.000041","0.19","Artery - Aorta"
"ENSG00000100453.14","GZMB","chr14_24539766_T_A_b38","rs8003038","0.000041","-0.19","Artery - Aorta"
"ENSG00000100453.14","GZMB","chr14_24658908_A_G_b38","rs11620702","0.000043","0.16","Stomach"
"ENSG00000100453.14","GZMB","chr14_24661272_T_A_b38","rs12884530","0.000043","0.16","Stomach"
"ENSG00000100453.14","GZMB","chr14_24484896_G_A_b38","rs72679355","0.000044","0.16","Stomach"
"ENSG00000100453.14","GZMB","chr14_24541564_A_G_b38","rs3891905","0.000046","-0.19","Artery - Aorta"
"ENSG00000100453.14","GZMB","chr14_24482673_T_A_b38","rs34980262","0.000047","-0.32","Skin - Sun Exposed (Lower leg)"
"ENSG00000100453.14","GZMB","chr14_24510132_C_T_b38","rs1800875","0.000048","0.19","Artery - Aorta"
"ENSG00000100453.14","GZMB","chr14_24622427_A_T_b38","rs8004747","0.000049","-0.19","Artery - Aorta"
"ENSG00000100453.14","GZMB","chr14_24661486_G_A_b38","rs12878850","0.000051","0.16","Stomach"
"ENSG00000100453.14","GZMB","chr14_24594946_G_C_b38","rs2332405","0.000052","-0.13","Esophagus - Mucosa"
"ENSG00000100453.14","GZMB","chr14_25530023_A_AT_b38","rs146934907","0.000052","-1.4","Brain - Frontal Cortex (BA9)"
"ENSG00000100453.14","GZMB","chr14_25532225_A_G_b38","rs8015083","0.000052","-1.4","Brain - Frontal Cortex (BA9)"
"ENSG00000100453.14","GZMB","chr14_25542809_C_CT_b38","","0.000052","-1.4","Brain - Frontal Cortex (BA9)"
"ENSG00000100453.14","GZMB","chr14_24036742_G_A_b38","rs144856253","0.000053","0.60","Nerve - Tibial"
"ENSG00000100453.14","GZMB","chr14_24561039_T_C_b38","rs6573871","0.000055","-0.19","Artery - Aorta"
"ENSG00000100453.14","GZMB","chr14_24595889_G_A_b38","rs8014501","0.000057","0.14","Esophagus - Mucosa"
"ENSG00000100453.14","GZMB","chr14_24658935_C_G_b38","rs2025211","0.000057","-0.17","Stomach"
"ENSG00000100453.14","GZMB","chr14_24658974_A_T_b38","rs17257138","0.000057","-0.17","Stomach"
"ENSG00000100453.14","GZMB","chr14_24680633_G_T_b38","rs8021801","0.000058","0.15","Stomach"
"ENSG00000100453.14","GZMB","chr14_24695892_G_GA_b38","rs34471424","0.000059","-0.19","Artery - Aorta"
"ENSG00000100453.14","GZMB","chr14_24032626_T_A_b38","rs73600763","0.000059","0.75","Nerve - Tibial"
"ENSG00000100453.14","GZMB","chr14_24620226_G_A_b38","rs12590828","0.000059","0.15","Stomach"
"ENSG00000100453.14","GZMB","chr14_24616684_T_G_b38","rs1951595","0.000061","-0.19","Artery - Aorta"
"ENSG00000100453.14","GZMB","chr14_24604554_T_A_b38","rs1033810","0.000061","-0.13","Esophagus - Mucosa"
"ENSG00000100453.14","GZMB","chr14_24579896_C_G_b38","rs72679396","0.000062","0.28","Spleen"
"ENSG00000100453.14","GZMB","chr14_24606054_T_C_b38","rs7144488","0.000064","-0.13","Esophagus - Mucosa"
"ENSG00000100453.14","GZMB","chr14_24545904_C_T_b38","rs116050325","0.000064","0.16","Stomach"
"ENSG00000100453.14","GZMB","chr14_24686687_C_T_b38","rs7148566","0.000067","-0.17","Skin - Sun Exposed (Lower leg)"
"ENSG00000100453.14","GZMB","chr14_24526395_C_T_b38","rs61474209","0.000068","-0.29","Esophagus - Mucosa"
"ENSG00000100453.14","GZMB","chr14_24582651_T_A_b38","rs56344949","0.000069","0.13","Esophagus - Mucosa"
"ENSG00000100453.14","GZMB","chr14_24586996_C_T_b38","rs7152607","0.000069","0.13","Esophagus - Mucosa"
"ENSG00000100453.14","GZMB","chr14_25494714_G_GATA_b38","rs147201801","0.000075","-0.57","Esophagus - Mucosa"
"ENSG00000100453.14","GZMB","chr14_25497797_A_G_b38","rs55872328","0.000075","-0.57","Esophagus - Mucosa"
"ENSG00000100453.14","GZMB","chr14_24536034_A_G_b38","rs1956913","0.000075","-0.18","Artery - Aorta"
"ENSG00000100453.14","GZMB","chr14_24536125_G_T_b38","rs987630","0.000075","-0.18","Artery - Aorta"
"ENSG00000100453.14","GZMB","chr14_24536379_T_C_b38","rs987629","0.000075","-0.18","Artery - Aorta"
"ENSG00000100453.14","GZMB","chr14_24638462_C_T_b38","rs17184906","0.000077","-0.16","Skin - Sun Exposed (Lower leg)"
"ENSG00000100453.14","GZMB","chr14_24557291_T_C_b38","rs2093256","0.000078","-0.18","Artery - Aorta"
"ENSG00000100453.14","GZMB","chr14_24557574_G_A_b38","rs11158781","0.000078","-0.18","Artery - Aorta"
"ENSG00000100453.14","GZMB","chr14_24557778_C_CT_b38","rs61380775","0.000078","-0.18","Artery - Aorta"
"ENSG00000100453.14","GZMB","chr14_24558954_A_G_b38","rs7143951","0.000078","-0.18","Artery - Aorta"
"ENSG00000100453.14","GZMB","chr14_24559003_A_C_b38","rs7144090","0.000078","-0.18","Artery - Aorta"
"ENSG00000100453.14","GZMB","chr14_24559008_A_G_b38","rs7144096","0.000078","-0.18","Artery - Aorta"
"ENSG00000100453.14","GZMB","chr14_24559028_A_C_b38","rs7144104","0.000078","-0.18","Artery - Aorta"
"ENSG00000100453.14","GZMB","chr14_24559944_T_C_b38","rs10136912","0.000078","-0.18","Artery - Aorta"
"ENSG00000100453.14","GZMB","chr14_24564997_T_C_b38","rs11158791","0.000078","-0.18","Artery - Aorta"
"ENSG00000100453.14","GZMB","chr14_24566242_A_C_b38","rs1304909","0.000078","-0.18","Artery - Aorta"
"ENSG00000100453.14","GZMB","chr14_24566478_A_G_b38","rs7155452","0.000078","-0.18","Artery - Aorta"
"ENSG00000100453.14","GZMB","chr14_24537093_A_G_b38","rs932617","0.000083","-0.18","Artery - Aorta"
"ENSG00000100453.14","GZMB","chr14_24538991_A_C_b38","rs4982964","0.000083","-0.18","Artery - Aorta"
"ENSG00000100453.14","GZMB","chr14_24538995_A_C_b38","rs4982965","0.000083","-0.18","Artery - Aorta"
"ENSG00000100453.14","GZMB","chr14_24539049_A_C_b38","rs4982966","0.000083","-0.18","Artery - Aorta"
"ENSG00000100453.14","GZMB","chr14_24540415_G_A_b38","rs6573865","0.000083","-0.18","Artery - Aorta"
"ENSG00000100453.14","GZMB","chr14_24542909_C_T_b38","rs7142675","0.000083","-0.18","Artery - Aorta"
"ENSG00000100453.14","GZMB","chr14_24543635_C_T_b38","rs2011607","0.000083","-0.18","Artery - Aorta"
"ENSG00000100453.14","GZMB","chr14_24544886_C_T_b38","rs2224426","0.000083","-0.18","Artery - Aorta"
"ENSG00000100453.14","GZMB","chr14_24545719_A_G_b38","rs4982968","0.000083","-0.18","Artery - Aorta"
"ENSG00000100453.14","GZMB","chr14_24546431_A_T_b38","rs1951129","0.000083","-0.18","Artery - Aorta"
"ENSG00000100453.14","GZMB","chr14_24546953_A_T_b38","rs1956911","0.000083","-0.18","Artery - Aorta"
"ENSG00000100453.14","GZMB","chr14_24548491_G_A_b38","rs1956909","0.000083","-0.18","Artery - Aorta"
"ENSG00000100453.14","GZMB","chr14_24549155_T_C_b38","rs2332399","0.000083","-0.18","Artery - Aorta"
"ENSG00000100453.14","GZMB","chr14_24549291_C_G_b38","rs1951128","0.000083","-0.18","Artery - Aorta"
"ENSG00000100453.14","GZMB","chr14_24550209_T_C_b38","rs10144882","0.000083","-0.18","Artery - Aorta"
"ENSG00000100453.14","GZMB","chr14_24550811_A_G_b38","rs1951127","0.000083","-0.18","Artery - Aorta"
"ENSG00000100453.14","GZMB","chr14_24551689_T_C_b38","rs1951125","0.000083","-0.18","Artery - Aorta"
"ENSG00000100453.14","GZMB","chr14_24553132_C_T_b38","rs8012655","0.000083","-0.18","Artery - Aorta"
"ENSG00000100453.14","GZMB","chr14_24629310_C_T_b38","rs72681026","0.000084","0.31","Spleen"
"ENSG00000100453.14","GZMB","chr14_24539552_G_A_b38","rs10134629","0.000088","-0.18","Artery - Aorta"
"ENSG00000100453.14","GZMB","chr14_24539982_G_A_b38","rs8017569","0.000088","-0.18","Artery - Aorta"
"ENSG00000100453.14","GZMB","chr14_24579896_C_G_b38","rs72679396","0.000089","0.21","Artery - Aorta"
"ENSG00000100453.14","GZMB","chr14_24511105_G_A_b38","rs1956918","0.000097","0.18","Artery - Aorta"
"ENSG00000100453.14","GZMB","chr14_24610137_C_T_b38","rs2332406","0.000099","-0.18","Artery - Aorta"
"ENSG00000100453.14","GZMB","chr14_25540667_C_A_b38","rs57585240","0.00010","-1.5","Brain - Frontal Cortex (BA9)"
"ENSG00000100453.14","GZMB","chr14_25541580_G_A_b38","rs73594273","0.00010","-1.5","Brain - Frontal Cortex (BA9)"
"ENSG00000100453.14","GZMB","chr14_25541608_T_C_b38","rs74038011","0.00010","-1.5","Brain - Frontal Cortex (BA9)"
"ENSG00000100453.14","GZMB","chr14_24516620_C_A_b38","rs75843268","0.00010","-0.30","Esophagus - Mucosa"
"ENSG00000100453.14","GZMB","chr14_24520060_G_C_b38","rs142399167","0.00010","-0.30","Esophagus - Mucosa"
"ENSG00000100453.14","GZMB","chr14_24522566_G_T_b38","rs28496049","0.00010","-0.30","Esophagus - Mucosa"
"ENSG00000100453.14","GZMB","chr14_24533445_G_A_b38","rs74759082","0.00010","-0.30","Esophagus - Mucosa"
"ENSG00000100453.14","GZMB","chr14_24495230_A_G_b38","rs4466999","0.00011","0.18","Artery - Aorta"
"ENSG00000100453.14","GZMB","chr14_24575506_C_T_b38","rs1957523","0.00011","-0.18","Artery - Aorta"
"ENSG00000100453.14","GZMB","chr14_24367748_GGGA_G_b38","rs28365904","0.00011","-0.21","Artery - Aorta"
"ENSG00000100453.14","GZMB","chr14_24511830_C_T_b38","rs56267023","0.00011","0.18","Artery - Aorta"
"ENSG00000100453.14","GZMB","chr14_24635154_A_G_b38","rs8192916","0.00011","0.15","Skin - Sun Exposed (Lower leg)"
"ENSG00000100453.14","GZMB","chr14_24545791_C_T_b38","rs1951132","0.00012","0.18","Artery - Aorta"
"ENSG00000100453.14","GZMB","chr14_24673992_A_G_b38","rs4982983","0.00012","-0.17","Skin - Sun Exposed (Lower leg)"
"ENSG00000100453.14","GZMB","chr14_24674303_C_A_b38","rs12432208","0.00012","-0.17","Skin - Sun Exposed (Lower leg)"
"ENSG00000100453.14","GZMB","chr14_24677564_G_A_b38","rs12434702","0.00012","-0.17","Skin - Sun Exposed (Lower leg)"
"ENSG00000100453.14","GZMB","chr14_24552032_C_T_b38","rs8006658","0.00012","-0.18","Artery - Aorta"
"ENSG00000100453.14","GZMB","chr14_24664333_T_C_b38","rs76110490","0.00013","-0.16","Skin - Sun Exposed (Lower leg)"
"ENSG00000100453.14","GZMB","chr14_24664336_C_CGG_b38","rs200138409","0.00013","-0.16","Skin - Sun Exposed (Lower leg)"
"ENSG00000100453.14","GZMB","chr14_24664338_ACC_A_b38","rs376709409","0.00013","-0.16","Skin - Sun Exposed (Lower leg)"
"ENSG00000100453.14","GZMB","chr14_24664343_GGGC_G_b38","rs369325258","0.00013","-0.16","Skin - Sun Exposed (Lower leg)"
"ENSG00000100453.14","GZMB","chr14_24664350_AAGAAAATGG_A_b38","rs372900475","0.00013","-0.16","Skin - Sun Exposed (Lower leg)"
"ENSG00000100453.14","GZMB","chr14_24484571_A_G_b38","rs35497084","0.00014","-0.31","Skin - Sun Exposed (Lower leg)"
"ENSG00000100453.14","GZMB","chr14_24490949_C_T_b38","rs12883872","0.00014","-0.31","Skin - Sun Exposed (Lower leg)"
"ENSG00000100453.14","GZMB","chr14_24657751_G_A_b38","rs5002199","0.00014","-0.16","Skin - Sun Exposed (Lower leg)"
"ENSG00000100453.14","GZMB","chr14_24510881_G_T_b38","rs75259781","0.00014","-0.32","Esophagus - Mucosa"
"ENSG00000100453.14","GZMB","chr14_24019843_G_A_b38","rs112519463","0.00015","0.72","Nerve - Tibial"
"ENSG00000100453.14","GZMB","chr14_24602603_A_G_b38","rs148917937","0.00015","0.52","Esophagus - Mucosa"
"ENSG00000100453.14","GZMB","chr14_24658853_T_G_b38","rs1951588","0.00015","-0.16","Skin - Sun Exposed (Lower leg)"
"ENSG00000100453.14","GZMB","chr14_24652681_C_G_b38","rs1951602","0.00016","-0.16","Skin - Sun Exposed (Lower leg)"
"ENSG00000100453.14","GZMB","chr14_24693456_C_T_b38","rs10873238","0.00016","-0.16","Skin - Sun Exposed (Lower leg)"
"ENSG00000100453.14","GZMB","chr14_24509229_T_C_b38","rs3759635","0.00016","-0.31","Skin - Sun Exposed (Lower leg)"
"ENSG00000100453.14","GZMB","chr14_24547149_C_CT_b38","","0.00017","-0.29","Esophagus - Mucosa"
"ENSG00000100453.14","GZMB","chr14_24501367_A_C_b38","rs17184843","0.00018","-0.30","Skin - Sun Exposed (Lower leg)"
"ENSG00000100453.14","GZMB","chr14_24651373_G_A_b38","rs7401653","0.00018","-0.15","Skin - Sun Exposed (Lower leg)"
"ENSG00000100453.14","GZMB","chr14_24505202_C_CT_b38","rs879300782","0.00018","-0.29","Skin - Sun Exposed (Lower leg)"
"ENSG00000100453.14","GZMB","chr14_24493856_C_T_b38","rs36181803","0.00018","-0.30","Skin - Sun Exposed (Lower leg)"
"ENSG00000100453.14","GZMB","chr14_24497219_T_C_b38","rs58354011","0.00018","-0.30","Skin - Sun Exposed (Lower leg)"
"ENSG00000100453.14","GZMB","chr14_24651469_C_T_b38","rs12433772","0.00019","-0.15","Skin - Sun Exposed (Lower leg)"
"ENSG00000100453.14","GZMB","chr14_24651997_G_A_b38","rs1951601","0.00019","-0.15","Skin - Sun Exposed (Lower leg)"
"ENSG00000100453.14","GZMB","chr14_24658935_C_G_b38","rs2025211","0.00020","-0.15","Skin - Sun Exposed (Lower leg)"
"ENSG00000100453.14","GZMB","chr14_24658974_A_T_b38","rs17257138","0.00020","-0.15","Skin - Sun Exposed (Lower leg)"
"ENSG00000100453.14","GZMB","chr14_24451507_T_C_b38","rs11158714","0.00021","0.25","Skin - Sun Exposed (Lower leg)"
"ENSG00000100453.14","GZMB","chr14_24698088_G_A_b38","rs34380886","0.00022","-0.15","Skin - Sun Exposed (Lower leg)"
"ENSG00000100453.14","GZMB","chr14_24507764_C_T_b38","rs10220622","0.00022","-0.30","Skin - Sun Exposed (Lower leg)"