DATE ADDED TO CATALOG	PUBMEDID	FIRST AUTHOR	DATE	JOURNAL	LINK	STUDY	DISEASE/TRAIT	INITIAL SAMPLE SIZE	REPLICATION SAMPLE SIZE	REGION	CHR_ID	CHR_POS	REPORTED GENE(S)	MAPPED_GENE	UPSTREAM_GENE_ID	DOWNSTREAM_GENE_ID	SNP_GENE_IDS	UPSTREAM_GENE_DISTANCE	DOWNSTREAM_GENE_DISTANCE	STRONGEST SNP-RISK ALLELE	SNPS	MERGED	SNP_ID_CURRENT	CONTEXT	INTERGENIC	RISK ALLELE FREQUENCY	P-VALUE	PVALUE_MLOG	P-VALUE (TEXT)	OR or BETA	95% CI (TEXT)	PLATFORM [SNPS PASSING QC]	CNV	MAPPED_TRAIT	MAPPED_TRAIT_URI	STUDY ACCESSION	GENOTYPING TECHNOLOGY
2018-11-16	30072576	Emilsson V	2018-08-02	Science	www.ncbi.nlm.nih.gov/pubmed/30072576	Co-regulatory networks of human serum proteins link genetics to disease.	Blood protein levels	3,200 European ancestry individuals	NA	12p13.31	12	6775910	LAG3	LAG3			ENSG00000089692			rs3782735-A	rs3782735	0	3782735	intron_variant	0	0.6071875	4E-10	9.397940008672037	(LAG3, 9950_229_3)	0.15399188	[0.11-0.2] unit increase	Illumina [> 1000000] (imputed)	N	blood protein amount	http://purl.obolibrary.org/obo/OBA_VT0005416	GCST006585	Targeted genotyping array
2018-11-16	30072576	Emilsson V	2018-08-02	Science	www.ncbi.nlm.nih.gov/pubmed/30072576	Co-regulatory networks of human serum proteins link genetics to disease.	Blood protein levels	3,200 European ancestry individuals	NA	12p13.31	12	6775910	LAG3	LAG3			ENSG00000089692			rs3782735-A	rs3782735	0	3782735	intron_variant	0	0.6071875	3E-9	8.522878745280337	(LAG3, 5099_14_3)	0.14723346	[0.099-0.196] unit increase	Illumina [> 1000000] (imputed)	N	blood protein amount	http://purl.obolibrary.org/obo/OBA_VT0005416	GCST006585	Targeted genotyping array
2021-06-29	33462484	Sinnott-Armstrong N	2021-01-18	Nat Genet	www.ncbi.nlm.nih.gov/pubmed/33462484	Genetics of 35 blood and urine biomarkers in the UK Biobank.	Sex hormone-binding globulin levels	310,323 European ancestry individuals, 5,523 African ancestry individuals, 6,638 South Asian ancestry individuals	NA	12p13.31	12	6776244	NR	LAG3			ENSG00000089692			rs1882545-A	rs1882545	0	1882545	intron_variant	0	NR	7E-10	9.154901959985743		0.0163	[0.011-0.021] unit increase	Affymetrix [9000000] (imputed)	N	sex hormone-binding globulin measurement	http://www.ebi.ac.uk/efo/EFO_0004696	GCST90019518	Genome-wide genotyping array
2025-07-02	39789286	Loya H	2025-01-09	Nat Genet	www.ncbi.nlm.nih.gov/pubmed/39789286	A scalable variational inference approach for increased mixed-model association power.	Gamma glutamyltransferase levels (UKB data field 30730)	394,642 European ancestry individuals	NA	12p13.31	12	6775910		LAG3			ENSG00000089692			rs3782735-A	rs3782735	0	3782735	intron_variant	0	0.59934688	8E-16	15.096910013008056		0.015072545	[0.011-0.019] unit decrease	NR [13308323] (imputed)	N	serum gamma-glutamyl transferase measurement	http://www.ebi.ac.uk/efo/EFO_0004532	GCST90468070	Genome-wide genotyping array
2021-12-14	34594039	Sakaue S	2021-09-30	Nat Genet	www.ncbi.nlm.nih.gov/pubmed/34594039	A cross-population atlas of genetic associations for 220 human phenotypes.	Gamma glutamyl transpeptidase	344,104 European ancestry individuals, 133,471 East Asian ancestry individuals	NA	12p13.31	12	6775910		LAG3			ENSG00000089692			rs3782735-A	rs3782735	0	3782735	intron_variant	0	NR	6E-16	15.221848749616356		0.0156	[0.012-0.019] unit decrease	Affymetrix, Illumina [20535691] (imputed)	N	serum gamma-glutamyl transferase measurement	http://www.ebi.ac.uk/efo/EFO_0004532	GCST90018954	Genome-wide genotyping array
2022-06-13	35192695	Haas CB	2022-02-22	Endocrinology	www.ncbi.nlm.nih.gov/pubmed/35192695	Cross-ancestry genome-wide association studies of sex hormone concentrations in pre- and postmenopausal women.	Sex hormone-binding globulin levels	196,901 European ancestry individuals	NA	12p13.31	12	6775910		LAG3			ENSG00000089692			rs3782735-G	rs3782735	0	3782735	intron_variant	0	0.397613	3E-11	10.522878745280337		0.0221334	[0.016-0.029] unit decrease	NR [NR] (imputed)	N	sex hormone-binding globulin measurement	http://www.ebi.ac.uk/efo/EFO_0004696	GCST90104273	Genome-wide genotyping array
2022-06-13	35192695	Haas CB	2022-02-22	Endocrinology	www.ncbi.nlm.nih.gov/pubmed/35192695	Cross-ancestry genome-wide association studies of sex hormone concentrations in pre- and postmenopausal women.	Sex hormone-binding globulin levels	4,522 African ancestry individuals, 196,901 European ancestry individuals	NA	12p13.31	12	6775910		LAG3			ENSG00000089692			rs3782735-?	rs3782735	0	3782735	intron_variant	0	NR	3E-11	10.522878745280337		6.643	z score increase	NR [NR] (imputed)	N	sex hormone-binding globulin measurement	http://www.ebi.ac.uk/efo/EFO_0004696	GCST90104297	Genome-wide genotyping array
2020-12-14	32042192	Ruth KS	2020-02-10	Nat Med	www.ncbi.nlm.nih.gov/pubmed/32042192	Using human genetics to understand the disease impacts of testosterone in men and women.	Sex hormone-binding globulin levels adjusted for BMI	188,908 European ancestry women	NA	12p13.31	12	6775910	NR	LAG3			ENSG00000089692			rs3782735-A	rs3782735	0	3782735	intron_variant	0	0.600654	6E-15	14.221848749616356		0.0101224	[0.0076-0.0126] unit increase	Affymetrix [16585854] (imputed)	N	sex hormone-binding globulin measurement	http://www.ebi.ac.uk/efo/EFO_0004696	GCST90012106	Genome-wide genotyping array
2020-12-14	32042192	Ruth KS	2020-02-10	Nat Med	www.ncbi.nlm.nih.gov/pubmed/32042192	Using human genetics to understand the disease impacts of testosterone in men and women.	Sex hormone-binding globulin levels adjusted for BMI	180,094 European ancestry men	NA	12p13.31	12	6775910	NR	LAG3			ENSG00000089692			rs3782735-A	rs3782735	0	3782735	intron_variant	0	0.599602	3E-9	8.522878745280337		0.00707287	[0.0047-0.0094] unit increase	Affymetrix [16582621] (imputed)	N	sex hormone-binding globulin measurement	http://www.ebi.ac.uk/efo/EFO_0004696	GCST90012108	Genome-wide genotyping array
2020-12-14	32042192	Ruth KS	2020-02-10	Nat Med	www.ncbi.nlm.nih.gov/pubmed/32042192	Using human genetics to understand the disease impacts of testosterone in men and women.	Sex hormone-binding globulin levels	189,473 European ancestry women	NA	12p13.31	12	6775910	NR	LAG3			ENSG00000089692			rs3782735-A	rs3782735	0	3782735	intron_variant	0	0.600654	7E-14	13.154901959985743		0.0112249	[0.0083-0.0141] unit increase	Affymetrix [16585866] (imputed)	N	sex hormone-binding globulin measurement	http://www.ebi.ac.uk/efo/EFO_0004696	GCST90012107	Genome-wide genotyping array
2020-12-14	32042192	Ruth KS	2020-02-10	Nat Med	www.ncbi.nlm.nih.gov/pubmed/32042192	Using human genetics to understand the disease impacts of testosterone in men and women.	Sex hormone-binding globulin levels	180,726 European ancestry men	NA	12p13.31	12	6775910	NR	LAG3			ENSG00000089692			rs3782735-A	rs3782735	0	3782735	intron_variant	0	0.599602	1E-7	7.0		0.00672029	[0.0042-0.0092] unit increase	Affymetrix [16582614] (imputed)	N	sex hormone-binding globulin measurement	http://www.ebi.ac.uk/efo/EFO_0004696	GCST90012109	Genome-wide genotyping array
2020-12-14	32042192	Ruth KS	2020-02-10	Nat Med	www.ncbi.nlm.nih.gov/pubmed/32042192	Using human genetics to understand the disease impacts of testosterone in men and women.	Sex hormone-binding globulin levels adjusted for BMI	368,929 European ancestry individuals	NA	12p13.31	12	6775910	NR	LAG3			ENSG00000089692			rs3782735-A	rs3782735	0	3782735	intron_variant	0	0.600147	1E-21	21.0		0.00844855	[0.0067-0.0102] unit increase	Affymetrix [16582909] (imputed)	N	sex hormone-binding globulin measurement	http://www.ebi.ac.uk/efo/EFO_0004696	GCST90012110	Genome-wide genotyping array
2020-12-14	32042192	Ruth KS	2020-02-10	Nat Med	www.ncbi.nlm.nih.gov/pubmed/32042192	Using human genetics to understand the disease impacts of testosterone in men and women.	Sex hormone-binding globulin levels	370,125 European ancestry individuals	NA	12p13.31	12	6775910	NR	LAG3			ENSG00000089692			rs3782735-A	rs3782735	0	3782735	intron_variant	0	0.600147	3E-18	17.522878745280337		0.00871497	[0.0068-0.0106] unit increase	Affymetrix [16582965] (imputed)	N	sex hormone-binding globulin measurement	http://www.ebi.ac.uk/efo/EFO_0004696	GCST90012111	Genome-wide genotyping array
2022-02-15	35078996	Gudjonsson A	2022-01-25	Nat Commun	www.ncbi.nlm.nih.gov/pubmed/35078996	A genome-wide association study of serum proteins reveals shared loci with common diseases.	Serum levels of protein LAG3	5,364 Icelandic ancestry individuals	NA	12p13.31	12	6775910		LAG3			ENSG00000089692			rs3782735-G	rs3782735	0	3782735	intron_variant	0	0.3948	3E-12	11.522878745280337		0.131741	[0.095-0.169] unit decrease	Illumina [7506463] (imputed)	N	blood protein amount	http://purl.obolibrary.org/obo/OBA_VT0005416	GCST90090928	Genome-wide genotyping array
2024-05-14	38632349	Ghouse J	2024-04-17	Nat Genet	www.ncbi.nlm.nih.gov/pubmed/38632349	Integrative common and rare variant analyses provide insights into the genetic architecture of liver cirrhosis.	Gamma glutamyl transferase levels	875,069 European ancestry individuals	NA	12p13.31	12	6775910		LAG3			ENSG00000089692			rs3782735-G	rs3782735	0	3782735	intron_variant	0	NR	2E-16	15.698970004336019		0.0044	[0.0034-0.0054] unit increase	Affymetrix, Illumina [NR] (imputed)	N	serum gamma-glutamyl transferase measurement	http://www.ebi.ac.uk/efo/EFO_0004532	GCST90428730	Genome-wide genotyping array
2025-07-02	39789286	Loya H	2025-01-09	Nat Genet	www.ncbi.nlm.nih.gov/pubmed/39789286	A scalable variational inference approach for increased mixed-model association power.	LAG3 protein levels	47,745 European ancestry individuals	NA	12p13.31	12	6774452		LAG3			ENSG00000089692			rs150844659-A	rs150844659	0	150844659	intron_variant	0	0.0079075	4E-15	14.397940008672037		0.25943914	[0.19-0.33] unit increase	NR [13308244] (imputed)	N	lymphocyte activation gene 3 protein level	http://purl.obolibrary.org/obo/OBA_2045359	GCST90469727	Genome-wide genotyping array
2025-07-02	39789286	Loya H	2025-01-09	Nat Genet	www.ncbi.nlm.nih.gov/pubmed/39789286	A scalable variational inference approach for increased mixed-model association power.	LAG3 protein levels	47,745 European ancestry individuals	NA	12p13.31	12	6775910		LAG3			ENSG00000089692			rs3782735-A	rs3782735	0	3782735	intron_variant	0	0.60118207	8E-160	159.09691001300806		0.15333588	[0.14-0.17] unit increase	NR [13308244] (imputed)	N	lymphocyte activation gene 3 protein level	http://purl.obolibrary.org/obo/OBA_2045359	GCST90469727	Genome-wide genotyping array
2026-01-14	41044249	Zoodsma M	2025-10-03	Nat Genet	www.ncbi.nlm.nih.gov/pubmed/41044249	A genetic map of human metabolism across the allele frequency spectrum.	Free Cholesterol to Total Lipids in Large HDL percentage	434,646 British ancestry individuals, 8,796 British Central/South Asian individuals, 6,573 British African individuals	NA	12p13.31	12	6775910		LAG3			ENSG00000089692			rs3782735-A	rs3782735	0	3782735	intron_variant	0	NR	7E-15	14.154901959985743		0.02	[0.02-0.02] % increase	NR [10413938] (imputed)	N	free cholesterol to total lipids in large HDL percentage 	http://www.ebi.ac.uk/efo/EFO_0022279	GCST90501139	Genome-wide genotyping array
2023-04-03	34648354	Pietzner M	2021-11-12	Science	www.ncbi.nlm.nih.gov/pubmed/34648354	Mapping the proteo-genomic convergence of human diseases.	Lymphocyte activation gene 3 protein levels	10,708 European ancestry individuals	NA	12p13.31	12	6775910		LAG3			ENSG00000089692			rs3782735-A	rs3782735	0	3782735	intron_variant	0	0.6	9E-32	31.045757490560675		0.17	[0.14-0.2] unit increase	Affymetrix, Illumina [10200000] (imputed)	N	lymphocyte activation gene 3 protein level	http://purl.obolibrary.org/obo/OBA_2045359	GCST90248233	Genome-wide genotyping array
2023-08-31	36653534	Leinonen JT	2023-01-18	Commun Med (Lond)	www.ncbi.nlm.nih.gov/pubmed/36653534	Genetic analyses implicate complex links between adult testosterone levels and health and disease.	Sex hormone-binding globulin levels	188,443 British ancestry women	NA	12p13.31	12	6775910		LAG3			ENSG00000089692			rs3782735-?	rs3782735	0	3782735	intron_variant	0	NR	4E-12	11.397940008672037		0.0219582	[0.016-0.028] unit decrease	Affymetrix [17239132] (imputed)	N	sex hormone-binding globulin measurement	http://www.ebi.ac.uk/efo/EFO_0004696	GCST90239822	Genome-wide genotyping array
2026-01-14	41044249	Zoodsma M	2025-10-03	Nat Genet	www.ncbi.nlm.nih.gov/pubmed/41044249	A genetic map of human metabolism across the allele frequency spectrum.	Cholesterol to Total Lipids in Very Large HDL percentage	434,646 British ancestry individuals, 8,796 British Central/South Asian individuals, 6,573 British African individuals	NA	12p13.31	12	6775910		LAG3			ENSG00000089692			rs3782735-A	rs3782735	0	3782735	intron_variant	0	NR	3E-14	13.522878745280337		0.02	[0.02-0.02] % decrease	NR [10413938] (imputed)	N	cholesterol to total lipids in very large HDL percentage 	http://www.ebi.ac.uk/efo/EFO_0022243	GCST90501295	Genome-wide genotyping array
2026-01-14	41044249	Zoodsma M	2025-10-03	Nat Genet	www.ncbi.nlm.nih.gov/pubmed/41044249	A genetic map of human metabolism across the allele frequency spectrum.	Phospholipids to Total Lipids in Very Large HDL percentage	434,646 British ancestry individuals, 8,796 British Central/South Asian individuals, 6,573 British African individuals	NA	12p13.31	12	6775910		LAG3			ENSG00000089692			rs3782735-A	rs3782735	0	3782735	intron_variant	0	NR	1E-16	16.0		0.02	[0.02-0.02] % increase	NR [10413938] (imputed)	N	phospholipids:total lipids ratio	http://www.ebi.ac.uk/efo/EFO_0020946	GCST90501303	Genome-wide genotyping array
2026-01-14	41044249	Zoodsma M	2025-10-03	Nat Genet	www.ncbi.nlm.nih.gov/pubmed/41044249	A genetic map of human metabolism across the allele frequency spectrum.	Free cholesterol in very large HDL	434,646 British ancestry individuals, 8,796 British Central/South Asian individuals, 6,573 British African individuals	NA	12p13.31	12	6775910		LAG3			ENSG00000089692			rs3782735-A	rs3782735	0	3782735	intron_variant	0	NR	1E-11	11.0		0.01	[0.01-0.01] mmol/L increase	NR [10413938] (imputed)	N	free cholesterol in very large HDL measurement 	http://www.ebi.ac.uk/efo/EFO_0022273	GCST90501298	Genome-wide genotyping array
2026-01-14	41044249	Zoodsma M	2025-10-03	Nat Genet	www.ncbi.nlm.nih.gov/pubmed/41044249	A genetic map of human metabolism across the allele frequency spectrum.	Phospholipids in very large HDL	434,646 British ancestry individuals, 8,796 British Central/South Asian individuals, 6,573 British African individuals	NA	12p13.31	12	6775910		LAG3			ENSG00000089692			rs3782735-A	rs3782735	0	3782735	intron_variant	0	NR	2E-15	14.698970004336019		0.01	[0.01-0.01] mmol/L increase	NR [10413938] (imputed)	N	phospholipids in very large HDL measurement 	http://www.ebi.ac.uk/efo/EFO_0022298	GCST90501302	Genome-wide genotyping array
2026-01-14	41044249	Zoodsma M	2025-10-03	Nat Genet	www.ncbi.nlm.nih.gov/pubmed/41044249	A genetic map of human metabolism across the allele frequency spectrum.	Total lipids in very large HDL	434,646 British ancestry individuals, 8,796 British Central/South Asian individuals, 6,573 British African individuals	NA	12p13.31	12	6775910		LAG3			ENSG00000089692			rs3782735-A	rs3782735	0	3782735	intron_variant	0	NR	5E-14	13.301029995663981		0.01	[0.01-0.01] mmol/L increase	NR [10413938] (imputed)	N	total lipids in very large HDL measurement 	http://www.ebi.ac.uk/efo/EFO_0022312	GCST90501300	Genome-wide genotyping array
2025-07-02	39789286	Loya H	2025-01-09	Nat Genet	www.ncbi.nlm.nih.gov/pubmed/39789286	A scalable variational inference approach for increased mixed-model association power.	C1S protein levels	47,745 European ancestry individuals	NA	12p13.31	12	6783660		LAG3 - RN7SL380P	ENSG00000089692	ENSG00000244532		5205	194	rs6489735-C	rs6489735	0	6489735	intron_variant	1	0.970101582	5E-13	12.301029995663981		0.12435686	[0.089-0.16] unit increase	NR [13308244] (imputed)	N	complement C1s subcomponent measurement	http://www.ebi.ac.uk/efo/EFO_0008091	GCST90468494	Genome-wide genotyping array
2025-07-02	39789286	Loya H	2025-01-09	Nat Genet	www.ncbi.nlm.nih.gov/pubmed/39789286	A scalable variational inference approach for increased mixed-model association power.	LAG3 protein levels	47,745 European ancestry individuals	NA	12p13.31	12	6771830		PTMS - LAG3	ENSG00000159335	ENSG00000089692		878	530	rs2301333-A	rs2301333	0	2301333	intergenic_variant	1	0.06085455	3E-21	20.522878745280337		0.1078915	[0.085-0.131] unit increase	NR [13308244] (imputed)	N	lymphocyte activation gene 3 protein level	http://purl.obolibrary.org/obo/OBA_2045359	GCST90469727	Genome-wide genotyping array
